Denis Medeiros,denis@email.com,true
Yuri Medeiros,yuri@email.com,true
Lucia Pedroso,lucia@email.com.br,true
Fernando Moris,fernando@email.com.br,true
John,averageEduardo59@terra.com.br,true
Belinda,Evelynpowerful@yandex.ru,true
Joelly,difficultAbigail@verizon.net,true
Gui,Louisembarrassed@yahoo.co.jp,true
Melina,dangerousIan@gmx.de,true
Rozele,Randybright@ig.com.br,true
Tybie,gleamingSusan@t-online.de,false
Danny,Colinpowerful@sky.com,false
Joelly,Sierraenergetic@ymail.com,false
Molli,distinctDale36@planet.nl,false
Jessamyn,Josephdull@yahoo.es,false
Bill,Michealkind@optonline.net,false
Madalyn,cautiousEmmanuel33@rambler.ru,false
Dorthy,grievingLindsey29@windstream.net,false
Dennie,wittyTara@mail.ru,false
Willetta,successfulPriscilla@neuf.fr,true
Lila,jealousLydia@comcast.net,true
Betta,embarrassedChristie@sbcglobal.net,true
Nelle,enviousTodd1@qq.com,true
Ardenia,Joycruel@planet.nl,true
Olivette,Claudiacharming@windstream.net,true
Oralee,Michealnasty@skynet.be,true
Lanna,nastyMegan@live.it,true
Layla,encouragingHannah@hotmail.de,true
Madelle,shinySergio@ntlworld.com,true
Ofilia,sillyRussell60@yahoo.in,true
Zondra,nervousCassie46@mac.com,true
Kathi,Brendanlazy@bellsouth.net,true
Albertina,Paulthankful@yahoo.ca,true
Sue,angryMartin49@neuf.fr,true
Netty,Dustinplain@outlook.com,true
Roseline,cloudyKathleen@wanadoo.fr,true
Lonnie,puzzledAlejandro@sfr.fr,true
Amelia,expensivePhillip55@cox.net,true
Gui,unsightlyBrenda59@juno.com,true
Katleen,thoughtlessPreston@yahoo.in,true
Tani,crazyKathryn31@bellsouth.net,true
Nananne,expensiveBrandon@live.fr,true
Chandra,Valerieawful@live.com.au,true
Amalie,distinctGary19@libero.it,true
Janeczka,Devintired@att.net,true
Edith,cheerfulMolly9@sfr.fr,true
Kellen,curiousJohn@hetnet.nl,true
Britte,frailLatoya13@hotmail.fr,true
Bobbi,obedientKristina@bigpond.com,false
Brooks,Georgeworrisome@libero.it,false
Aurelie,Jameshealthy@free.fr,false
Almeta,outstandingBilly75@cox.net,false
Karlee,difficultJennifer@aliceadsl.fr,false
Audrie,Barrylucky@rambler.ru,true
Lory,ugliestJillian@rambler.ru,true
Carmela,Waynestormy@club-internet.fr,true
Raquela,kindDominic38@zonnet.nl,true
Dorthy,depressedLinda4@sfr.fr,true
Ebonee,Alanupset@cox.net,true
Frank,niceRachael75@me.com,true
Edith,fragileEbony@zonnet.nl,true
Carly,smilingColleen@uol.com.br,true
Jinny,busyCasey34@tin.it,true
Betta,Rickyunsightly@aliceadsl.fr,true
Gianina,upsetJordan@sympatico.ca,true
Constance,Latashafaithful@att.net,true
Kara-Lynn,combativeJoanna@bigpond.net.au,true
Gaylene,cheerfulNicholas93@alice.it,true
Shirlee,pleasantMitchell@web.de,true
Therine,Patriciazealous@freenet.de,true
Mureil,determinedBridget29@bigpond.net.au,true
Lizzie,Aimeecomfortable@live.co.uk,true
Fredericka,busyTommy@arcor.de,true
Robinia,defiantChase@centurytel.net,true
Dolli,darkTheodore@terra.com.br,true
Brooks,livelyCurtis@hetnet.nl,true
Angela,Jaimefine@live.com.au,true
Gaylene,proudCaleb7@arcor.de,true
Rosene,comfortableRobin42@mac.com,true
Corly,determinedTamara71@bluewin.ch,true
Yolane,Cynthiaclumsy@charter.net,false
Nanete,poorMolly@bluewin.ch,false
Priscilla,kindJordan54@hotmail.fr,false
Sean,eagerErika@windstream.net,false
Celene,Oscarfragile@hotmail.it,false
Jillayne,gracefulMandy7@yandex.ru,true
Sabina,openCarmen@live.ca,true
Amara,soreJodi@voila.fr,true
Carly,Danielleugliest@att.net,true
Orelia,vastAshley@yandex.ru,true
Deane,blueRebekah88@hotmail.co.uk,true
Blondelle,Kathleenbored@sky.com,true
Rhea,wearySara10@windstream.net,true
Marline,jealousSheila@mail.ru,true
Di,franticAdrienne@terra.com.br,true
Ginnie,Monicaalert@gmail.com,true
Lynde,uptightBrittany@yahoo.ca,true
Hallie,Trevorobedient@yahoo.ca,true
Sadie,annoyedRenee28@orange.fr,true
Marika,obnoxiousKelli86@voila.fr,true
Sheree,busyTracy47@terra.com.br,true
Monika,blushingLevi95@arcor.de,true
Sharlene,defiantRichard@mac.com,true
Lanna,Alexisexcited@skynet.be,true
Phedra,uptightMichelle40@terra.com.br,true
Lelah,Colewrong@me.com,true
Adriana,victoriousDouglas@mail.ru,false
Margette,hilariousLeslie13@t-online.de,false
Gretal,ashamedLance@gmail.com,false
Ana,giftedTheodore@hotmail.de,false
June,Rebekahpoised@yahoo.de,true
Tybie,lazyClayton@tiscali.it,true
Bill,Bobbypowerful@gmx.de,true
Melanie,shinyLee18@aim.com,true
Imojean,clumsyMelody@yahoo.es,true
Josephine,gloriousIvan@optusnet.com.au,true
Leanna,nastyBarbara@zonnet.nl,true
Jsandye,worrisomeNancy96@msn.com,true
Sue,stormyRicardo16@yahoo.it,true
Myriam,homelessJimmy7@bellsouth.net,true
Rubie,thankfulNaomi@terra.com.br,true
Antonietta,fragileCara@yahoo.co.uk,true
Rivalee,wide-eyedJaclyn@libero.it,true
Kirbee,troubledHillary@home.nl,true
Nelle,itchyAshlee@optusnet.com.au,true
Dari,cleanSavannah@tiscali.co.uk,true
Jany,drabMarcus@bigpond.com,true
Frieda,Philipeasy@libero.it,true
Marleah,Aprilbloody@gmail.com,true
Lorenza,alertAndrea32@hotmail.co.uk,true
Alleen,elatedPatricia39@gmx.de,true
Harmonia,Rosamodern@mail.ru,true
Candi,Andresimportant@charter.net,true
Nicoli,blushingGina@hotmail.it,true
Carlie,ashamedTaryn8@mac.com,true
Rhoda,Kristyfrantic@shaw.ca,true
Queenie,disturbedRenee@me.com,true
Doralynne,Robertcautious@yahoo.co.uk,true
Alisha,luckyLisa16@yahoo.ca,true
Anica,Mandyupset@yahoo.ca,true
Albertina,zealousGrace@live.com.au,true
Sandie,Jameszealous@t-online.de,true
Cherrita,wittyJack@gmail.com,true
Jobi,Dustinmuddy@hotmail.de,true
Nita,cautiousNicolas@centurytel.net,true
Eugine,blackCindy67@live.com.au,true
Bertine,tiredNicole58@telenet.be,true
Cordi,lonelyMisty23@live.nl,true
Fayre,Kristinedangerous@frontiernet.net,true
Ursulina,anxiousJeremy80@bluewin.ch,true
Winifred,modernHector@live.ca,true
Rochette,gracefulAlison32@yahoo.it,true
Robinia,charmingBrett58@yahoo.it,true
Edyth,Rogervivacious@planet.nl,true
Benita,Sheilaembarrassed@hotmail.it,true
Dotty,arrogantRonnie@free.fr,true
Minne,pricklySierra7@hotmail.de,true
Tracey,clearSharon@ntlworld.com,true
Caressa,unsightlyDominique25@bluewin.ch,true
Mara,wrongLarry92@zonnet.nl,true
Cristine,cautiousDominic36@aol.com,true
Constance,jitteryLacey82@terra.com.br,true
Deloria,elegantCrystal@live.com,true
Corina,Laceydefeated@hotmail.com,true
Micheline,Colinannoyed@web.de,true
Hyacinthe,expensiveChristian89@yahoo.ca,true
Benita,inexpensiveStacy@ntlworld.com,true
Sonni,Dianaglamorous@yahoo.de,true
Merci,innocentBrad@bellsouth.net,true
Wileen,sillyVictor57@googlemail.com,true
Carilyn,Katiedead@blueyonder.co.uk,true
Zondra,gloriousColin43@planet.nl,true
Aili,Ericagorgeous@msn.com,true
Gaylene,energeticDustin@yahoo.in,true
Amii,happyAimee98@gmx.de,true
Concettina,longAmber39@googlemail.com,true
Sophia,averageMelinda@live.ca,true
Carolina,easyDenise@uol.com.br,true
Sallie,hurtBrandy@zonnet.nl,true
Tiffie,Brucehelpful@tiscali.co.uk,true
Marjie,Waynefantastic@earthlink.net,true
Lynea,crazyMarcus91@live.co.uk,true
Mellicent,Ernestdoubtful@verizon.net,true
Nessie,badAshleigh@tiscali.it,true
Sean,badRodney@rocketmail.com,true
Ileana,frightenedBrian18@orange.fr,true
Annecorinne,ugliestRyan@yahoo.co.id,true
Kristina,Luisclean@yahoo.com.br,true
Kirbee,adorableRodney77@msn.com,true
Tierney,fineMarisa96@hotmail.fr,true
Renae,tameLarry16@shaw.ca,true
Starla,splendidDanielle6@rediffmail.com,true
Florencia,motionlessMichelle@blueyonder.co.uk,true
Neila,adorableFrank87@hotmail.fr,true
Beatriz,Eduardohelpful@blueyonder.co.uk,true
Carol-Jean,proudClayton71@cox.net,true
Karly,annoyedCarolyn90@home.nl,true
Raf,uptightBrandi47@blueyonder.co.uk,true
Christian,enviousClayton@verizon.net,true
Celestyna,smoggyKathryn20@hotmail.es,true
Sheelagh,courageousKendra@yahoo.com.br,true
Nataline,homelyJustin72@free.fr,true
Ebonee,braveMonica74@cox.net,true
Rosanne,Rauldisturbed@orange.fr,true
Danny,Franciscoexcited@hotmail.es,true
Andree,Juliaangry@yahoo.de,true
Di,perfectJamie4@yahoo.co.in,true
Isa,excitedHenry@neuf.fr,true
Codie,frailTony@live.ca,true
Zia,sparklingRonnie@uol.com.br,true
Sonni,encouragingNaomi32@optonline.net,true
Libbie,Bruceattractive@bigpond.net.au,true
Gusty,comfortableJimmy@hotmail.com,true
Alexine,vastDonald54@qq.com,true
Gui,hilariousDavid@yahoo.com.au,true
Elmira,excitedMark@att.net,true
Maisey,Rosaenvious@bol.com.br,true
Millie,Ivanunusual@msn.com,true
Vonny,selfishCandace46@live.fr,true
Wilma,naughtyRuth99@orange.fr,true
Ida,Kristopherdifficult@voila.fr,true
Susette,Bradleyexpensive@cox.net,true
Winny,Nathanielpowerful@laposte.net,true
Rebeca,stormyPaul74@uol.com.br,true
Alyda,energeticJeremiah@ig.com.br,true
Alexine,uninterestedJeremy24@ig.com.br,true
Sophia,enchantingMichelle@mac.com,true
Selma,spotlessRodney63@bol.com.br,true
Pearline,muddyDanielle@rediffmail.com,false
Angela,Kristinastrange@t-online.de,false
Fayre,wrongDeborah@verizon.net,false
Barbi,darkAlexander@yahoo.com,false
Amii,distinctAshleigh0@wanadoo.fr,false
Monika,gentleKaitlin@mail.ru,false
Maurene,dangerousRoy@live.nl,false
Hollie,sparklingRebekah@mac.com,true
Anestassia,clearMarvin@outlook.com,true
Mireielle,encouragingLuis35@hotmail.fr,true
Cyndie,upsetPriscilla@yahoo.com.ar,true
Rosabelle,Erikablushing@live.nl,true
Phylis,muddyAlison@cox.net,true
Ekaterina,zealousBrent82@ig.com.br,true
Karlee,crowdedRosa@ig.com.br,true
Tera,Kellieclean@voila.fr,true
Maurene,Neildistinct@live.com.au,true
Jasmina,Cynthiasparkling@frontiernet.net,true
Evaleen,curiousBrittany@live.it,true
Xylina,Johnenvious@bol.com.br,true
Lelah,Juliabusy@arcor.de,true
Rochette,mushyAmelia94@club-internet.fr,true
Joelly,annoyingJeremy12@outlook.com,true
Louella,Kristagifted@bigpond.com,true
Steffane,Karapoised@rambler.ru,true
Yetty,Allenthoughtless@hotmail.es,true
Lesly,fantasticJaclyn91@live.com,true
Dari,Sethvivacious@bigpond.net.au,true
Anthia,gorgeousAna@sympatico.ca,true
Margalo,Allenpoised@planet.nl,true
Zondra,Kristinaselfish@aliceadsl.fr,true
Dagmar,zanyKate59@t-online.de,true
Regina,Dominiquestupid@uol.com.br,true
Carlie,blueHannah66@yahoo.co.in,true
Livvyy,oddEric@live.nl,true
Jackie,blackFrank58@gmx.net,true
Frank,funnyDanielle41@hotmail.de,true
Bobinette,Adriennelight@yahoo.com.sg,true
Pearline,proudCarrie11@msn.com,true
Therine,quaintAlexander16@orange.fr,true
Rori,lonelyDylan34@sympatico.ca,true
Renae,Leahhomely@blueyonder.co.uk,true
Phylis,impossibleKristina@cox.net,true
Gilligan,easyPreston@aol.com,true
Di,happyCara@zonnet.nl,true
Fanny,fragileCharles19@libero.it,true
Vita,Jasmineworried@gmx.de,true
Gwenneth,alertJanet@wanadoo.fr,true
Ericka,clumsyBrittney@free.fr,true
Karly,Edwardfriendly@mail.com,true
Nessie,blueBilly@neuf.fr,true
Aaren,wrongErika@yahoo.co.jp,true
Edee,concernedSamantha@bellsouth.net,true
Alameda,boredCaitlin@mac.com,true
Fanchon,anxiousLucas80@chello.nl,true
Dale,giftedLance@qq.com,true
Meg,Hilaryenchanting@arcor.de,true
Bill,longClaudia@orange.fr,true
Diena,preciousAntonio@yahoo.co.in,true
Verla,homelyTonya@laposte.net,true
Celestyna,itchyStefanie90@t-online.de,true
Kassey,creepyMeagan81@live.com,true
Robinia,Lukecolorful@frontiernet.net,true
Steffane,Ashleighfair@web.de,true
Hermione,uptightSabrina47@yahoo.co.id,false
Jaime,confusedDevon95@live.com,false
Nadine,soreSophia68@bol.com.br,false
Brandise,brightManuel@web.de,false
June,bloodyMeredith97@sbcglobal.net,false
Ebonee,hurtTroy40@wanadoo.fr,false
Dawn,Reneeannoying@ntlworld.com,true
Daryl,jollySarah@facebook.com,true
Kial,grotesqueCharlotte19@yahoo.co.id,true
Sonni,illMathew@web.de,true
Vita,Annanervous@live.com.au,true
Tiffie,smilingSandra@tiscali.co.uk,true
Thalia,crazyJoseph78@live.it,true
Dagmar,Paulannoying@yahoo.es,true
Ileana,Feliciacrowded@mail.ru,true
Ashlee,Travistasty@arcor.de,true
Jorry,shyRaymond@windstream.net,true
Antonietta,foolishAllison@yahoo.com.ar,true
Annice,puzzledGrace@zonnet.nl,true
Ernesta,fancyLatasha51@live.com.au,true
Tera,curiousErika70@bigpond.com,true
Theodora,defeatedAlbert29@terra.com.br,true
Theodora,openJordan28@gmx.net,true
Ofilia,annoyingJessie@earthlink.net,true
Aimil,poorLaura@earthlink.net,true
Brooks,Mauricerich@gmail.com,true
Concettina,vastJoe@telenet.be,true
Dari,Danieldead@verizon.net,true
Flo,worrisomeMarco82@tiscali.it,true
Carmela,gentleJenny@arcor.de,true
Cissiee,annoyingSteven@yahoo.com.sg,true
Nollie,Johnill@yahoo.de,true
Alyssa,difficultTravis98@club-internet.fr,true
Jessy,Justinbrainy@live.it,true
Kial,lazyStephanie20@rediffmail.com,true
Adore,charmingRamon34@live.ca,true
Dode,magnificentKristi60@yahoo.com.br,true
Zaria,smoggyClaire@facebook.com,true
Monika,Summersparkling@hetnet.nl,true
Joane,nervousMarco@gmail.com,true
Rhea,doubtfulPamela@wanadoo.fr,true
Nariko,badHilary56@live.com,true
Gratia,Summervast@earthlink.net,true
Cecile,nervousLee85@bellsouth.net,true
Amara,elegantJenna@bol.com.br,true
Betta,annoyingVirginia72@yahoo.co.in,true
Annecorinne,cruelBrittney@gmx.net,true
Corly,tameJanelle50@aol.com,true
Libbie,vastJuan85@rediffmail.com,true
Ingrid,proudPhilip@aim.com,true
Amara,fairKristy@bigpond.com,true
Sophia,blue-eyedGabriel@sfr.fr,true
Anica,braveDesiree@earthlink.net,true
Shaine,poisedMicheal84@virgilio.it,true
Edee,disgustedKristen69@web.de,true
Leeanne,energeticRussell82@blueyonder.co.uk,true
Jenda,Jonathanclean@bigpond.com,true
Maud,cleverSamantha21@sfr.fr,true
Raquela,Marcushorrible@bluewin.ch,true
Sherrie,mushyKeri@skynet.be,true
Cassondra,Juliebusy@juno.com,true
Chandra,easyTony30@chello.nl,true
Charmaine,poisedCourtney13@googlemail.com,true
Valera,cuteErica@telenet.be,true
Kayla,jollyRaymond@sbcglobal.net,true
Kelly,Karifair@earthlink.net,true
Krystle,grotesqueJeremy8@gmx.net,true
Valera,breakableNina99@windstream.net,true
Rori,Bethdull@ig.com.br,true
Madelle,condemnedBonnie@bellsouth.net,true
Lorenza,putridChristine@gmail.com,true
Ann-Marie,wildMeagan@bigpond.net.au,true
Flo,foolishTyrone66@planet.nl,true
Christal,Garrettobnoxious@ntlworld.com,true
Liana,Loricute@wanadoo.fr,true
Modestia,Lauraugly@gmail.com,true
Sheelagh,Peterbewildered@hetnet.nl,true
Gui,dullMandy@sky.com,true
Henriette,livelyMarie68@bluewin.ch,true
Karolina,grievingApril66@yahoo.co.jp,true
Cacilie,relievedJacob19@yahoo.es,true
Lonnie,angryMartha@telenet.be,true
Isa,funnyDylan74@bluewin.ch,true
Stacey,troubledEmily@sky.com,true
Glynnis,frailHeidi55@home.nl,true
Molli,pleasantJohnathan6@live.it,true
Hannis,illCalvin@frontiernet.net,true
Ada,Kristinelovely@bigpond.net.au,true
Britte,grotesqueDanielle54@comcast.net,true
Allyce,Jeffreyhandsome@hotmail.it,true
Fredericka,elatedDonna38@live.it,true
Dorice,Aliciapuzzled@yahoo.com.br,true
Dianemarie,Cynthiavivacious@neuf.fr,true
Kalina,fineRichard@mail.com,true
Paule,sleepyCarl6@rambler.ru,true
Jemie,proudThomas@uol.com.br,true
Yetty,Andresthoughtful@cox.net,true
Olivette,Joedizzy@chello.nl,true
Trudie,Leeobnoxious@bigpond.net.au,true
Karina,brainyChristie92@hotmail.de,true
Kathi,calmTaryn68@charter.net,true
Xylina,foolishLacey18@hotmail.fr,true
Aili,exuberantWilliam@alice.it,true
Dede,Franciscoalert@sky.com,true
Kellen,modernSophia@sympatico.ca,true
Brooks,Sandrabad@mail.com,true
Meg,Cristinakind@googlemail.com,true
Hallie,Brandyscary@live.it,true
Margarette,naughtyAlicia@tiscali.it,true
Jerry,thoughtlessDerrick@sfr.fr,true
Aili,determinedPatricia@hotmail.es,false
Lynea,Justindangerous@skynet.be,false
Flory,disgustedJoshua2@centurytel.net,false
Leanna,drabColin26@bigpond.net.au,false
Ana,Wendybored@me.com,false
Alie,Latasharepulsive@ymail.com,false
Agathe,tenseMisty50@live.ca,false
Kathi,Pedrosore@blueyonder.co.uk,false
Bill,soreVanessa10@laposte.net,true
Dorthy,grievingAnne@live.it,true
Hollie,Alejandrotroubled@uol.com.br,true
Deirdre,Latoyatender@bigpond.net.au,true
Teddie,Mitchellcharming@rediffmail.com,true
Mallory,Douglasgentle@live.fr,true
Melisent,tameRaquel@tin.it,true
Frieda,elegantAshlee65@verizon.net,true
Phedra,Calebpanicky@hotmail.de,true
Madeleine,tenderDeborah79@bigpond.net.au,true
Ricky,inquisitiveAllen@live.com.au,true
Odessa,darkLevi@yahoo.co.uk,true
Nita,innocentCatherine@googlemail.com,true
Karina,repulsiveJerome0@optonline.net,true
Gusella,unusualRichard@earthlink.net,true
Imojean,Jillianstrange@web.de,true
Myrtice,cruelRoberto22@yahoo.co.uk,true
Ivett,Candicedizzy@charter.net,true
Amii,Shawnbrainy@libero.it,true
Carlie,fineMayra@hotmail.fr,true
Calla,selfishRichard63@ig.com.br,true
Emylee,Andreahomely@yahoo.co.in,true
Elie,richDustin@web.de,true
Aaren,delightfulScott22@gmail.com,true
Valeda,Franciscoclever@gmx.de,true
Celene,Brettbewildered@juno.com,true
Jerry,betterMeagan@sfr.fr,true
Rubie,Jacobbloody@virgilio.it,true
Corene,Kimberlycombative@earthlink.net,true
Dorthy,openJulian85@free.fr,true
Rochette,Rogerpoised@optonline.net,true
Caritta,breakableArthur@club-internet.fr,true
Brynna,busyNatalie@me.com,true
Cacilie,cleanLevi13@live.nl,true
Di,amusedRyan33@live.co.uk,true
Flory,Loriunusual@facebook.com,true
Emma,wide-eyedKurt@arcor.de,true
Veda,Robinobnoxious@juno.com,true
Karena,Jonimportant@googlemail.com,true
Tressa,distinctWillie@hotmail.fr,true
Gilda,cheerfulAllen@freenet.de,true
Codie,enchantingPatricia74@laposte.net,true
Winny,anxiousTina8@comcast.net,true
Bernie,confusedCassie49@yahoo.co.in,true
Alie,pricklyKatherine59@chello.nl,true
Flory,happySheila59@optonline.net,true
Jeanna,fancyMark33@yahoo.co.id,true
Cyndie,fineErica39@sympatico.ca,true
Mireielle,richGeorge81@qq.com,true
Raina,pricklyMicheal9@optonline.net,true
Kayla,thankfulJorge@att.net,true
Sadie,foolishRonald89@yandex.ru,true
Misha,Davidlively@hotmail.co.uk,true
Ekaterina,jealousBrendan@club-internet.fr,true
Juliane,Raymondugliest@virgilio.it,false
Priscilla,victoriousAdrienne@bigpond.net.au,false
Berget,Marthacooperative@ig.com.br,false
Ebonee,Evanstrange@yahoo.com.sg,false
Raina,Gracetough@msn.com,true
Susette,anxiousJose28@facebook.com,true
Jenda,jealousKaren@live.nl,true
Rani,ashamedBrenda@yahoo.es,true
Michaelina,Ricardodetermined@sfr.fr,true
Beth,encouragingJohnny@live.com,true
Cissiee,obnoxiousTanya35@orange.fr,true
Gwyneth,confusedCraig@live.com,true
Cordi,Tabithadisgusted@live.fr,true
Demetris,Mirandaanxious@tiscali.it,true
Jacquetta,cautiousTyler@shaw.ca,true
Ilse,uninterestedCristina@mail.ru,true
Melina,modernSharon43@rambler.ru,true
Vere,Walterinnocent@outlook.com,true
Dulce,Carolinedepressed@yahoo.co.uk,true
Feliza,disgustedValerie@mail.ru,true
Sissy,defeatedSergio96@ntlworld.com,true
Nickie,tameDeanna75@gmx.net,true
Gusella,ugliestVictoria22@zonnet.nl,true
Gabi,ugliestAaron67@shaw.ca,true
Aimil,glamorousPaula2@yahoo.com.br,true
Dulcinea,longTammy26@hotmail.de,true
Gilligan,wanderingShawn@yahoo.co.jp,false
Netty,cuteGarrett51@tiscali.co.uk,false
Ursulina,Jerrydull@live.nl,false
Sue,Priscillaembarrassed@live.fr,false
Tiffie,Stephanieinquisitive@me.com,false
Lita,Alyssaenvious@sbcglobal.net,false
Fredericka,preciousDouglas35@blueyonder.co.uk,true
Corry,wide-eyedErnest29@yahoo.com,true
Livvyy,Dawnrich@telenet.be,true
Priscilla,perfectDarryl@outlook.com,true
Elvira,Saradifferent@ymail.com,true
Audrie,aggressiveTrevor20@voila.fr,true
Gloria,scaryRobyn@optusnet.com.au,true
Caryl,darkChelsea25@verizon.net,true
Annora,Erikblue-eyed@rambler.ru,true
Joceline,wickedTara53@laposte.net,true
Korrie,tiredGary61@msn.com,true
Candy,Heathertough@googlemail.com,true
Marita,troubledAlan43@cox.net,true
Frieda,Jaclyndistinct@yahoo.co.in,true
Sean,Cheryltroubled@yahoo.de,true
Cathie,brainyRandi65@yahoo.com.au,true
Babita,Katiedoubtful@bol.com.br,true
Evita,Stefaniefilthy@live.com,true
Kara-Lynn,Edwardimpossible@googlemail.com,true
Karina,Micahstormy@sky.com,true
Lusa,Andreunusual@mail.com,true
Reeba,shinyDrew49@blueyonder.co.uk,true
Paule,innocentJeremiah@charter.net,true
Juliane,brightChase96@alice.it,true
Hayley,Joelbusy@yandex.ru,true
Dede,Amberquaint@gmail.com,true
Sissy,Alyssavast@orange.fr,true
Shel,blue-eyedKaren@aol.com,true
Lynnea,Angelagentle@live.fr,true
Arlena,Cameronmushy@neuf.fr,true
Taffy,charmingDanielle@yahoo.com.au,true
Alie,Hectorthoughtless@yahoo.com.au,true
Christy,vastNancy@uol.com.br,true
Bettine,mistyElizabeth@yahoo.in,true
Kimberley,blue-eyedAdam@ig.com.br,true
Heida,strangeAshley5@comcast.net,true
Darlleen,Rebeccacrazy@wanadoo.fr,true
Lucy,Ernestproud@hetnet.nl,true
Ronna,Reneemuddy@sfr.fr,true
Dale,mistyFrancisco14@club-internet.fr,true
Frances,annoyedThomas65@zonnet.nl,true
Viki,fierceChad@web.de,true
Steffane,Kaitlinputrid@facebook.com,true
Barbi,unsightlyKrista@windstream.net,true
Letizia,Margaretnaughty@libero.it,true
Ilse,plainRegina35@yahoo.co.id,true
Adore,dizzyGeorge56@hotmail.fr,true
Tabbatha,victoriousRaymond@arcor.de,true
Angelique,Carmenenchanting@chello.nl,true
Zia,condemnedBrandy@tin.it,true
Correy,Crystallively@qq.com,true
Marika,Savannahadventurous@tin.it,true
Bettine,toughGloria86@tin.it,true
Aili,Theresacreepy@hotmail.de,true
Andeee,jealousJimmy52@optonline.net,true
Joleen,Armandotalented@optusnet.com.au,true
Leeanne,Nataliemushy@freenet.de,true
Beth,charmingRaul@optonline.net,true
Marylou,charmingBenjamin@hotmail.co.uk,true
Grier,terribleCaroline21@skynet.be,true
Kalina,easyKelsey0@ig.com.br,true
Dulcinea,uptightAutumn87@facebook.com,true
Courtnay,Martinbusy@sbcglobal.net,true
Albertina,Cameronpoised@hetnet.nl,true
Dale,doubtfulAbby@gmail.com,true
Tracey,Theresablack@rocketmail.com,true
Elmira,sleepyRachel@rambler.ru,true
Margalo,shyLouis98@tiscali.co.uk,true
Dede,grotesqueBridget@free.fr,true
Amalie,tastyMallory@yahoo.de,true
Arabel,enviousErika67@skynet.be,true
Jessy,magnificentAlbert@sbcglobal.net,true
Harrietta,drabAngelica92@yahoo.com.au,true
Cam,cloudyCarolyn@yahoo.com.br,true
Gilligan,Jesseamused@cox.net,true
Paule,scaryWillie44@yahoo.ca,true
Arlena,wanderingGeorge@planet.nl,true
Romona,openDesiree29@yahoo.fr,true
Natka,Sierrafair@cox.net,true
Wynne,helplessFrancisco2@bol.com.br,true
Taffy,importantVanessa1@rocketmail.com,true
Sidoney,poisedNicole21@live.co.uk,true
Jany,gloriousAmy53@home.nl,true
Maurene,livelyJenny17@bellsouth.net,true
Candy,drabMeagan59@bluewin.ch,true
Dorene,plainTyler46@sky.com,true
Josephine,Wesleywide-eyed@aliceadsl.fr,true
Georgetta,frightenedKatelyn@web.de,true
Sam,Justinfragile@windstream.net,true
Jacquetta,shyDeanna@hotmail.co.uk,true
Gianina,muddyMelinda41@juno.com,true
Merrie,wickedKara@tiscali.it,true
Aurore,dangerousChase@hotmail.es,true
Emelina,filthyLouis84@yahoo.in,true
Merci,Shanetired@comcast.net,true
Queenie,Armandogrumpy@shaw.ca,true
Nadine,Andreabad@libero.it,true
Deane,Erinwild@windstream.net,true
Gaylene,plainAlan@yahoo.com.br,true
Reeba,nuttyChase@bol.com.br,true
Bobbi,Glorianasty@tiscali.co.uk,true
Beatriz,Aaronpuzzled@yahoo.co.id,true
Jillayne,Edwinbright@live.it,true
Nerta,goodNatasha@web.de,true
Gabi,longRegina35@yahoo.co.jp,true
Cyb,Benjaminsplendid@outlook.com,true
Malina,nuttyNathaniel16@hotmail.es,true
Carol-Jean,Grantelegant@hotmail.es,true
Blinni,boredNathan@comcast.net,true
Annaliese,preciousDenise58@qq.com,true
Mariele,Melodyattractive@windstream.net,true
Sandie,Lukebrainy@bol.com.br,true
Allyce,inexpensivePatricia@hotmail.es,true
Liana,blue-eyedTabitha@freenet.de,true
Michaelina,adventurousJared@live.it,true
Anestassia,worriedSamuel69@yahoo.co.id,true
Estell,cleanTheresa@att.net,true
Felice,Rafaelgrotesque@yahoo.com.sg,true
Shaylyn,boredColin73@hotmail.com,true
Letizia,fineTheodore85@aol.com,true
Valli,enviousAdam55@yahoo.ca,true
Oona,Carloscute@voila.fr,true
Alyda,ugliestTimothy@hotmail.it,true
Korrie,delightfulMegan19@yandex.ru,true
Bertine,vivaciousJennifer19@orange.fr,true
Meriel,jollyJaclyn@tin.it,true
Aeriela,jollyEmily84@hotmail.fr,true
Myrtice,wittyRegina@yahoo.ca,true
Rayna,amusedKevin@web.de,true
Ethel,hurtBeth17@yahoo.in,true
Helena,Shawnprecious@sympatico.ca,true
Cathie,charmingIan@outlook.com,true
Kittie,talentedAaron50@freenet.de,true
Susette,embarrassedBrett54@me.com,true
Consuela,nuttyArthur84@earthlink.net,true
Bobbi,Walterdull@bol.com.br,true
Bee,Dannywitty@bol.com.br,true
Lexine,franticAlexandra86@centurytel.net,true
Daphne,modernCrystal50@yahoo.com.sg,true
Joceline,lazyKatherine@qq.com,true
Frances,Tanyadisgusted@aol.com,true
Gabi,Scottopen@verizon.net,true
Janeczka,carefulGeorge70@gmx.de,true
Flo,cautiousJenny@uol.com.br,true
Valeda,badCandice0@yahoo.com.br,true
Cherilyn,elatedAlberto78@tin.it,true
Lorie,Candiceagreeable@hotmail.fr,true
Gilligan,strangeVeronica@gmx.net,true
Kathi,Annwitty@ymail.com,true
Kial,franticDonald@hetnet.nl,true
Ira,attractiveErica25@laposte.net,true
Magdalena,Ericalive@yahoo.in,true
Etta,Dawnimpossible@laposte.net,true
Cassondra,Marisaencouraging@tiscali.it,true
Lacie,deadVincent58@yahoo.de,true
Joane,fancyRose99@freenet.de,true
Elvira,Dalehealthy@laposte.net,true
Blake,creepyBrenda@hotmail.de,true
Fredericka,foolishBruce34@hotmail.com,true
Pierette,zealousDonald@libero.it,true
Jessy,energeticCrystal@att.net,true
Collen,tenseCrystal@web.de,true
Carly,pricklyKrystle93@orange.fr,true
Roberta,friendlyJerome@yahoo.com.br,true
Lory,Virginiafancy@wanadoo.fr,true
Renie,aggressiveMeagan@hotmail.de,true
Edyth,wittyAustin59@rambler.ru,true
Glynnis,relievedMayra@chello.nl,true
Valli,proudKyle42@laposte.net,true
Nelle,Erinrich@ymail.com,true
Tiffie,amusedBrandy@bluewin.ch,true
Sean,calmHenry7@blueyonder.co.uk,true
Lory,Moniquehungry@shaw.ca,true
Margette,openClayton33@gmx.de,true
June,enchantingStacey71@blueyonder.co.uk,true
Tatiania,delightfulJaclyn@aim.com,true
Karena,tenderSara74@live.com.au,true
Vevay,wildDeborah42@live.ca,true
Frances,Carltender@t-online.de,true
Di,Kariworried@blueyonder.co.uk,true
Dania,scaryLuke@live.ca,true
Olwen,Adriennepuzzled@ig.com.br,true
Asia,cuteClinton9@me.com,true
Alejandra,wickedNina@qq.com,true
Ginnie,Joeljoyous@charter.net,true
Silvana,Claireputrid@sfr.fr,true
Heddie,homelessJoe57@blueyonder.co.uk,true
Gloria,motionlessLisa32@alice.it,true
Marika,poorJoe@live.it,true
Cacilie,jealousTamara@hotmail.de,true
Florie,homelessOmar@aliceadsl.fr,true
Lily,cleanTyrone1@live.co.uk,true
Tobe,shinyVeronica29@tin.it,true
Tarra,frightenedChristie@bigpond.net.au,true
Gabriellia,jollyCheryl@googlemail.com,true
Rani,Virginiatasty@mail.ru,true
Lauryn,proudNikki@facebook.com,true
Ezmeralda,impossibleTodd50@blueyonder.co.uk,true
Melodie,wittyRamon10@sfr.fr,true
Sashenka,elegantAshlee42@hotmail.es,true
Rhoda,Andreapuzzled@earthlink.net,true
Jerry,disturbedKrystal@planet.nl,true
Mamie,wittyAmelia@sky.com,true
Loree,Laurajolly@terra.com.br,true
Angela,luckyPatrick@tin.it,true
Chastity,darkJacqueline93@shaw.ca,true
Ardeen,Tracyjolly@live.com,true
Therine,giftedCaroline@yahoo.com.ar,true
Angela,obedientJillian@yandex.ru,true
Olivette,joyousWhitney1@blueyonder.co.uk,true
Ilse,mysteriousNatasha@hotmail.it,true
Farrah,talentedJenna83@hetnet.nl,true
Mara,unsightlyMatthew48@hotmail.it,true
Dotty,unsightlyJames21@club-internet.fr,true
Iseabal,wildErik44@sympatico.ca,true
Andree,illDonald@virgilio.it,true
Dorothy,relievedAllison@voila.fr,true
Belinda,jollyGeorge28@juno.com,true
Fayre,Eddieuninterested@tiscali.it,true
Jorry,lovelyTaylor77@sympatico.ca,true
Lexine,upsetAudrey@qq.com,true
Albertina,uptightEvelyn1@bellsouth.net,true
Xylina,jollyAlison78@rocketmail.com,true
Celisse,Adrienneclean@mac.com,true
Tybie,depressedBrianna48@tin.it,true
Nadine,Jenniferawful@libero.it,true
Kerrin,fragileCarrie@zonnet.nl,true
Clementine,Kristinekind@rambler.ru,true
Dennie,Daleselfish@orange.fr,true
Renae,stormyAmy25@yahoo.co.jp,true
Kerrin,zanyIvan88@yahoo.de,true
Halette,smilingTasha16@tiscali.it,true
Wileen,Gracefaithful@tin.it,true
Josephine,differentAngelica1@yahoo.com.ar,true
Pierette,alertJay74@rediffmail.com,true
Cyndie,Georgeobnoxious@bigpond.net.au,true
Celene,livelyDawn95@bol.com.br,true
Viviene,annoyedEdwin@gmx.net,true
Amii,Jeromemagnificent@mail.com,true
Malina,richCasey44@hotmail.com,true
Lanae,quaintAlex@bellsouth.net,true
Libbie,arrogantMiguel@live.ca,true
Deane,Rosewicked@rediffmail.com,true
Sharlene,Shaneconcerned@facebook.com,true
Tersina,clumsyChristina@tiscali.it,true
Linzy,repulsiveJohn@live.co.uk,true
Coral,Jefferykind@bluewin.ch,true
Jenilee,ashamedMelinda@chello.nl,true
Rebeca,averageDiana53@chello.nl,true
Lesly,panickyChad7@virgilio.it,true
Sophia,Karacareful@gmx.net,true
Fayre,blushingEddie71@gmx.net,true
Siana,angryFrederick29@hotmail.co.uk,true
Keelia,Christinawicked@uol.com.br,true
Kary,Ninadistinct@wanadoo.fr,true
Dolli,shinyMitchell83@telenet.be,true
Gisela,puzzledDouglas@blueyonder.co.uk,true
Charmaine,Antoniolucky@optonline.net,true
Mureil,breakableJavier@yahoo.de,true
Emmey,attractiveBonnie21@verizon.net,true
Dorthy,tiredVanessa@qq.com,true
Georgina,Ruthproud@hotmail.co.uk,true
Correy,bloodyCameron74@live.nl,true
Gaylene,mushyAllen@verizon.net,true
Sidoney,clearSeth16@bluewin.ch,true
Raina,crazyKellie@yahoo.co.id,true
Gabriellia,inquisitiveRegina@yahoo.co.in,true
Gui,comfortableAshley74@yahoo.com,true
Corry,zanyKaitlin@optusnet.com.au,true
Fawne,blueRebecca98@ntlworld.com,true
Drucie,awfulSophia@live.ca,true
Cordi,fairChristopher@aliceadsl.fr,true
Annice,naughtyJohn@charter.net,true
Letizia,motionlessRandi@alice.it,true
Mureil,enthusiasticBrett72@rocketmail.com,true
Jaime,toughClaire79@yahoo.com.ar,true
Oona,Carlyexuberant@gmx.de,true
Mary,obedientJodi@hotmail.com,true
Carol-Jean,Allisonvivacious@live.com.au,true
Merrie,unusualRaul@orange.fr,true
Vivia,healthyDavid@gmail.com,true
Kimmy,grotesqueBrianna@yahoo.it,true
Ada,Rebeccadefeated@yahoo.fr,true
Tersina,realJessie@charter.net,true
Darlleen,badKatelyn@rediffmail.com,true
Valera,Ernestsmiling@bellsouth.net,true
Letizia,Tonidepressed@qq.com,true
Lucille,Colezany@tiscali.it,true
Yvonne,wittyChad@hotmail.de,true
Joleen,Reneethoughtless@club-internet.fr,true
Peri,energeticAshleigh@virgilio.it,true
Edyth,Kerivast@sky.com,true
Joy,Robynexuberant@planet.nl,true
Rubie,combativeColin@home.nl,true
Helena,joyousLeonard@ntlworld.com,true
Georgetta,Jaclynhomeless@sky.com,true
Bernie,boredStacy90@neuf.fr,true
Deloria,obnoxiousPeter0@yahoo.in,true
Basia,badMiguel@yahoo.com.au,true
Dolli,Emmanueldetermined@aliceadsl.fr,true
Nollie,Gregoryplain@hotmail.it,true
Elise,dangerousMarissa2@sbcglobal.net,true
Esmeralda,jealousAdriana@frontiernet.net,true
Nerta,thoughtfulScott@live.nl,true
Elise,pleasantManuel44@outlook.com,true
Sherrie,expensiveTheodore@neuf.fr,true
Vonny,Thomastasty@aol.com,true
Nickie,mushyShana56@web.de,true
Raf,Waynejealous@zonnet.nl,true
Margalo,jitteryNicole@yahoo.com.mx,true
Leanna,tenseAlyssa@hotmail.de,true
Jaclyn,cloudyAlberto16@frontiernet.net,true
Teddie,Brianmagnificent@uol.com.br,true
Eadie,Shawnaclean@aol.com,true
Hettie,Jasminetired@live.fr,true
Petronia,faithfulBlake52@live.co.uk,true
Gwyneth,blueTanya@rambler.ru,true
Lenna,Brycegifted@aim.com,true
Lorenza,enviousTimothy83@yahoo.co.in,true
Ariela,sleepyDale@yahoo.co.id,true
Belinda,crowdedPatrick@mail.ru,true
Gabriellia,niceStefanie@orange.fr,true
Clementine,Claytoncruel@uol.com.br,true
Zondra,Mandyadorable@hotmail.com,true
Di,Kaylablack@hotmail.de,true
Mignon,Marieweary@hotmail.fr,true
Chloris,repulsiveOscar73@tiscali.co.uk,true
Juliane,enchantingArthur@shaw.ca,true
Andeee,Allisonshy@yahoo.com.mx,true
Livvyy,Catherinetroubled@blueyonder.co.uk,true
Jasmina,Lukejealous@hotmail.fr,true
Demetris,defiantEvelyn23@qq.com,true
Minne,Jennacloudy@yahoo.co.uk,true
Rozele,soreCarl80@bellsouth.net,true
Delilah,Laurensmoggy@libero.it,true
Annecorinne,livelyJenny@planet.nl,true
Magdalena,itchyJeffrey38@mail.ru,true
Antonietta,anxiousDevin89@centurytel.net,true
Mahalia,Randybrave@sky.com,true
Phylis,spotlessJack13@blueyonder.co.uk,true
Kamilah,aliveKyle@outlook.com,true
Catrina,bloodyAshley2@gmx.de,true
Sybille,franticBrent78@bellsouth.net,true
Letizia,Adrianahurt@cox.net,true
Elmira,Rubencolorful@hotmail.co.uk,true
Ethel,adventurousKeith71@live.it,true
Yolane,courageousCatherine6@tin.it,true
Celestyna,Mitchellsilly@free.fr,true
Yolane,tenderLindsay85@planet.nl,true
Pierette,Arthurlively@yahoo.de,true
Dianemarie,Daviddangerous@gmx.net,true
Ursulina,colorfulGary@googlemail.com,true
Pearline,Meghangrumpy@blueyonder.co.uk,true
Babita,Sophiavivacious@tin.it,true
Layla,Marvinhomely@bol.com.br,true
Leanna,excitedSara84@yahoo.de,true
Liana,Jasminethankful@club-internet.fr,true
Selma,uglyLee@gmx.de,true
Elka,Joannahandsome@frontiernet.net,true
Roseline,Aprilinexpensive@aim.com,true
Henriette,Troywide-eyed@outlook.com,true
Paulita,cautiousJasmine@optusnet.com.au,true
Therine,cooperativeTonya87@mac.com,true
Harmonia,Stephanieoutrageous@chello.nl,true
Anallese,Evanfantastic@chello.nl,true
Kate,Desireefamous@shaw.ca,true
Brooks,grumpyRobert@home.nl,true
Kittie,clearJenna@tiscali.it,true
Adriana,beautifulWhitney2@sbcglobal.net,true
Lenna,hungryJordan39@gmx.net,true
Audrie,Tammytroubled@hotmail.fr,true
Daryl,Alexandermisty@live.fr,true
Hermione,horribleLatasha@optonline.net,true
Stephanie,terribleDale@shaw.ca,true
Binny,Sergiocombative@yahoo.co.id,true
Benita,Eringifted@msn.com,true
Rhea,Nicolenice@aim.com,true
Maryellen,Calvinproud@terra.com.br,true
Nelle,strangeSabrina@yandex.ru,true
Orelia,expensiveTyler77@yahoo.com.ar,true
Deloria,Ambergorgeous@wanadoo.fr,true
Maisey,cuteAmber@telenet.be,true
Jaime,curiousCheryl@live.com.au,true
Anallese,blackRussell27@live.it,true
Isa,Rachaelcheerful@cox.net,true
Christian,Michealugly@tiscali.co.uk,true
Linet,ashamedJordan@sbcglobal.net,true
Nessie,difficultAlisha67@freenet.de,true
Zsa Zsa,wickedJake33@yahoo.co.jp,true
Anallese,Louisitchy@orange.fr,true
Maridel,blue-eyedMichael@web.de,true
Almeta,Jonathanbrave@facebook.com,true
Elmira,Micahgifted@aliceadsl.fr,true
Kayla,hungrySabrina92@yahoo.com.mx,true
Kristina,filthyBryce99@earthlink.net,true
Miquela,Brendamushy@yahoo.com,true
Carree,Fernandobright@gmail.com,true
Sallie,Valerieunsightly@hotmail.es,true
Korrie,Jefferygrotesque@earthlink.net,true
Tierney,Raymondsleepy@yahoo.com.sg,true
Corly,creepyTyler60@bigpond.com,true
Marcelline,motionlessCory@me.com,true
Fanchon,Lydiarepulsive@bellsouth.net,true
Sue,mistyTommy69@yahoo.co.jp,true
Clementine,difficultDanny@yahoo.co.in,true
Gwyneth,uglyDanny39@ig.com.br,true
Lucy,Morgannervous@yahoo.com,true
Randa,Stacyglamorous@rediffmail.com,true
Vere,enviousTyler95@planet.nl,true
Gusella,Edwardpoised@planet.nl,true
Tressa,adorableRenee@earthlink.net,true
Lorenza,aliveChristian20@rediffmail.com,true
Nananne,repulsiveJermaine94@planet.nl,true
Blinni,wittyJared@sbcglobal.net,true
Daryl,Brycecautious@live.com,true
Shannah,breakableDaisy20@wanadoo.fr,true
Verla,charmingMary@ig.com.br,true
Lusa,brainyClinton64@att.net,true
Cissiee,motionlessErica76@web.de,true
Catrina,Suzannecourageous@tiscali.co.uk,true
Deloria,uptightCasey@laposte.net,false
Siana,Desireeworrisome@yahoo.co.id,false
Johna,Philipfragile@yahoo.com.ar,false
Bertine,boredShawna@blueyonder.co.uk,false
Marita,Geoffreycrowded@yahoo.com.mx,false
Babita,Nataliehelpful@chello.nl,false
Sharai,Angelaquaint@bol.com.br,false
Ofilia,boredKelly67@yahoo.com.sg,false
Liana,selfishTasha66@googlemail.com,false
Lexine,charmingLeah@wanadoo.fr,false
Marsiella,creepyEvan68@rambler.ru,true
Joleen,Marisaweary@yahoo.com.au,true
Leanna,Eugenesmiling@bol.com.br,true
Elora,doubtfulVincent@live.com,true
Vonny,exuberantMarvin@bigpond.com,true
Albertina,Kathrynfancy@yahoo.com.ar,true
Trudie,obedientRenee@bigpond.com,true
Alyssa,terribleLeslie15@yahoo.co.jp,true
Minda,Mirandathoughtful@bol.com.br,true
Evita,importantTabitha0@yahoo.com.mx,true
Adriana,smilingTeresa49@live.ca,true
Diena,Aaronzealous@aliceadsl.fr,true
Adriana,tenseAlyssa88@yahoo.de,true
Aubrie,victoriousRose@optonline.net,true
Marti,splendidWillie58@charter.net,true
Bibby,Lucasbetter@live.co.uk,true
Daphne,Christianhelpless@blueyonder.co.uk,true
Myriam,Jaimekind@laposte.net,true
Meg,vastPamela0@orange.fr,true
Ellette,expensiveSummer@live.fr,true
Ottilie,enthusiasticColin13@sbcglobal.net,true
Goldie,uninterestedCarla@hotmail.co.uk,true
Coral,Tamarathoughtful@live.it,true
Audrie,Tristanreal@mac.com,true
Lynnea,itchyCory@hetnet.nl,true
Candi,ashamedCatherine@virgilio.it,true
Diena,Garyclever@earthlink.net,true
Myriam,calmNichole27@live.co.uk,true
Reeba,helpfulJoe82@live.fr,true
Raquela,obedientKayla10@wanadoo.fr,true
Vere,Clairecomfortable@neuf.fr,true
Leanna,giftedJermaine33@ntlworld.com,true
Natka,Rickyeager@aim.com,true
Rhea,Nicolegrumpy@yahoo.com.ar,true
Caressa,Amybad@freenet.de,true
Cristine,lovelyBrandi@uol.com.br,true
Doralynne,spotlessNina@rediffmail.com,true
Anthia,nervousAdriana41@neuf.fr,true
Jemie,amusedJake90@live.ca,true
Deane,dizzyRonald@hotmail.de,true
Konstance,vivaciousErik@juno.com,true
Melanie,eagerCarrie@mail.ru,true
Flory,comfortableDana@att.net,true
Jackie,zealousAndre97@optusnet.com.au,true
Janenna,Philipblue@verizon.net,true
Meghann,grumpyCara@terra.com.br,true
Lesly,Curtisgrieving@yahoo.co.id,true
Dennie,stupidRussell@yahoo.com.mx,true
Darci,longJulia@hotmail.es,true
Mignon,Dawnevil@freenet.de,true
Lucy,Feliciafunny@live.co.uk,true
Chickie,elegantBradley@yahoo.it,true
Dorothy,outstandingRodney@centurytel.net,true
Maud,tameBrenda87@club-internet.fr,true
Constance,Rickycute@yahoo.com.br,true
Delilah,blushingAlberto@hotmail.es,true
Joceline,attractiveSharon@live.com,true
Ernesta,sillyJoe@live.co.uk,true
Jinny,Colinwide-eyed@ntlworld.com,true
Rosabelle,evilWillie@voila.fr,true
Donnie,wildLeonard@juno.com,true
Danika,Kathleenworrisome@mac.com,true
Lorne,proudMorgan@ymail.com,true
Hayley,Jennycomfortable@windstream.net,true
Jennica,lightOlivia66@live.nl,true
Rosene,fierceEduardo41@freenet.de,true
Lisette,impossibleAustin68@charter.net,true
Debee,combativeLydia83@zonnet.nl,true
Joleen,depressedAndrew67@live.ca,true
Rochette,Robertomagnificent@home.nl,true
Margette,Jerryexcited@rambler.ru,true
Clo,tenderGary@live.nl,true
Claresta,ugliestErik43@alice.it,true
Ericka,determinedDonald@msn.com,true
Jessy,relievedRonnie@bluewin.ch,true
Clementine,aggressiveJared@hotmail.fr,true
Vanessa,easyKellie@voila.fr,true
Juliane,Gabrielugly@windstream.net,true
Mamie,encouragingSheena51@me.com,true
